model_key,name,brand,price,image,url,listings,reviews_total,avg_rating,reviews_sampled
samsung galaxy s7 edge,Samsung Galaxy S7 Edge,Samsung,217.47,https://m.media-amazon.com/images/I/71ap4Pp+y0L._AC_UY218_ML3_.jpg,https://www.amazon.com/SAMSUNG-GALAXY-INTERNATIONAL-VERSION-WARRANTY/dp/B01D1J9BGU,14,2153,3.579,400
samsung galaxy s7,Samsung Galaxy S7,Samsung,237.47,https://m.media-amazon.com/images/I/61EzDilvK7L._AC_UY218_ML3_.jpg,https://www.amazon.com/Samsung-Galaxy-SM-G930V-Verizon-Renewed/dp/B01N4E0RF1,17,1926,3.486,400
samsung galaxy s4,Samsung Galaxy S4,Samsung,169.93,https://m.media-amazon.com/images/I/81suaO+v0mL._AC_UY218_ML3_.jpg,https://www.amazon.com/Samsung-Galaxy-S4-White-Frost/dp/B00E6FGSHY,5,1577,3.999,400
samsung galaxy note 5,Samsung Galaxy Note 5,Samsung,262.49,https://m.media-amazon.com/images/I/814SsOj-45L._AC_UY218_ML3_.jpg,https://www.amazon.com/Samsung-Galaxy-Note-Verizon-Wireless/dp/B013XAPUW6,19,1519,3.311,400
samsung galaxy s6,Samsung Galaxy S6,Samsung,137.49,https://m.media-amazon.com/images/I/81oYNE1MUxL._AC_UY218_ML3_.jpg,https://www.amazon.com/Samsung-G920A-Unlocked-Octa-Core-Smartphone/dp/B00WHE2WCG,19,1484,3.166,400
samsung galaxy s8 plus,Samsung Galaxy S8 Plus,Samsung,439.98,https://m.media-amazon.com/images/I/51wJeaY3ekL._AC_UY218_ML3_.jpg,https://www.amazon.com/Samsung-Galaxy-Factory-Unlocked-Smartphone/dp/B06Y16RL4W,18,1433,3.698,400
samsung galaxy note 3,Samsung Galaxy Note 3,Samsung,246.5,https://m.media-amazon.com/images/I/91eFtaIWpcL._AC_UY218_ML3_.jpg,https://www.amazon.com/Samsung-Galaxy-Note-Verizon-Wireless/dp/B00F2SKPIM,3,1336,4.138,400
samsung galaxy note 8,Samsung Galaxy Note 8,Samsung,407.99,https://m.media-amazon.com/images/I/615Y7qMu7lL._AC_UY218_ML3_.jpg,https://www.amazon.com/Samsung-Unlocked-Midnight-Certified-Refurbished/dp/B076XLLCQC,7,1228,3.914,400
xiaomi redmi note 7,Xiaomi Redmi Note 7,Xiaomi,176.94,https://m.media-amazon.com/images/I/61ZaskM5hBL._AC_UY218_ML3_.jpg,https://www.amazon.com/Xiaomi-Redmi-Note-Snapdragon-Black/dp/B07PY52GVP,7,1199,4.281,400
apple iphone 6s,Apple iPhone 6S,Apple,152.95,https://m.media-amazon.com/images/I/61+mrwyL24L._AC_UY218_ML3_.jpg,https://www.amazon.com/Apple-iPhone-Unlocked-Dual-Core-Camera/dp/B06XRJQX91,9,1104,3.493,400
samsung galaxy note 9,Samsung Galaxy Note 9,Samsung,515.85,https://m.media-amazon.com/images/I/71VMn6229fL._AC_UY218_ML3_.jpg,https://www.amazon.com/Samsung-Galaxy-Factory-Unlocked-Warranty/dp/B07FZH9BGV,17,1063,4.034,400
motorola g6,Motorola G6,Motorola,118.96,https://m.media-amazon.com/images/I/51L6DbMbvKL._AC_UY218_ML3_.jpg,https://www.amazon.com/Motorola-G6-Unlocked-T-Mobile-PAAE0011US/dp/B07WSJYDXX,3,944,3.799,400
nokia lumia 900,Nokia Lumia 900,Nokia,109.98,https://m.media-amazon.com/images/I/81ZlbLtZ3PL._AC_UY218_ML3_.jpg,https://www.amazon.com/Nokia-Lumia-900-Factory-Unlocked/dp/B00836Y6B2,1,795,3.286,400
apple iphone x,Apple iPhone X,Apple,478.97,https://m.media-amazon.com/images/I/719knfTwPvL._AC_UY218_ML3_.jpg,https://www.amazon.com/Apple-iPhone-Fully-Unlocked-64GB/dp/B077578W38,5,745,3.707,400
motorola moto g,Motorola Moto G,Motorola,64.99,https://m.media-amazon.com/images/I/81VuPb8-arL._AC_UY218_ML3_.jpg,https://www.amazon.com/Moto-Verizon-Prepaid-Phone-Only/dp/B00HPP3QD6,2,720,4.228,400
apple iphone 7,Apple iPhone 7,Apple,215.0,https://m.media-amazon.com/images/I/51cRE43zKwL._AC_UY218_ML3_.jpg,https://www.amazon.com/Apple-iPhone-32GB-Rose-Renewed/dp/B0731HBTZ7,9,717,3.413,400
google pixel 2 xl,Google Pixel 2 XL,Google,219.99,https://m.media-amazon.com/images/I/71CDE9pG4hL._AC_UY218_ML3_.jpg,https://www.amazon.com/Google-Pixel-128-Black-Renewed/dp/B0799ZMY6D,8,716,3.891,400
motorola droid turbo,Motorola DROID Turbo,Motorola,74.99,https://m.media-amazon.com/images/I/81VMO0UpxfL._AC_UY218_ML3_.jpg,https://www.amazon.com/Motorola-DROID-Turbo-Ballistic-Wireless/dp/B00OZTSY6Y,3,702,3.691,400
google pixel,Google Pixel,Google,124.94999999999999,https://m.media-amazon.com/images/I/81o50fc16kL._AC_UY218_ML3_.jpg,https://www.amazon.com/Google-Pixel-Unlocked-Renewed-32GB/dp/B072N3GKSM,5,658,3.119,400
samsung galaxy s6 edge,Samsung Galaxy S6 Edge,Samsung,164.47,https://m.media-amazon.com/images/I/814WwhaRVuL._AC_UY218_ML3_.jpg,https://www.amazon.com/Samsung-Galaxy-S6-Edge-Wireless/dp/B00V7FY44A,8,607,3.764,400
samsung galaxy s5,Samsung Galaxy S5,Samsung,240.49,https://m.media-amazon.com/images/I/91s1UjlYJHL._AC_UY218_ML3_.jpg,https://www.amazon.com/Samsung-Galaxy-Verizon-Smartphone-Camera/dp/B00LAEA84S,4,598,3.164,400
nokia lumia 635,Nokia Lumia 635,Nokia,103.98,https://m.media-amazon.com/images/I/61WZWpJTYmL._AC_UY218_ML3_.jpg,https://www.amazon.com/Nokia-Lumia-Unlocked-Windows-Quad-Core/dp/B00KM10ITK,1,574,3.566,400
nokia lumia 920,Nokia Lumia 920,Nokia,184.18,https://m.media-amazon.com/images/I/61UTfUPGH1L._AC_UY218_ML3_.jpg,https://www.amazon.com/Nokia-Lumia-920-Black-32GB/dp/B00A2V7BA4,3,562,4.231,400
huawei mate 10 pro,HUAWEI Mate 10 Pro,HUAWEI,389.94,https://m.media-amazon.com/images/I/81a51J6cq9L._AC_UY218_ML3_.jpg,https://www.amazon.com/Huawei-Unlocked-Processor-Camera-Resistant/dp/B07C6FCC8G,1,553,4.304,400
samsung galaxy a10,Samsung Galaxy A10,Samsung,159.0,https://m.media-amazon.com/images/I/611v1lZLoJL._AC_UY218_ML3_.jpg,https://www.amazon.com/Samsung-A10-Infinity-V-Unlocked-Smartphone/dp/B07Q84DPZH,4,546,3.945,400
samsung galaxy a50 duos,Samsung Galaxy A50 Duos,Samsung,299.5,https://m.media-amazon.com/images/I/81SMrSvqUWL._AC_UY218_ML3_.jpg,https://www.amazon.com/Samsung-Galaxy-Unlocked-Triple-Camera/dp/B07QQYHSR5,2,524,4.071,400
google pixel xl,Google Pixel XL,Google,237.485,https://m.media-amazon.com/images/I/61EfvRF3sHL._AC_UY218_ML3_.jpg,https://www.amazon.com/Google-Pixel-XL-Phone-32GB/dp/B01LY3OB8D,4,517,3.605,400
samsung galaxy a20 us,Samsung Galaxy A20 US,Samsung,249.99,https://m.media-amazon.com/images/I/51V-XG0uBDL._AC_UY218_ML3_.jpg,https://www.amazon.com/Samsung-Unlocked-SM-A205UZKAXAA-Warranty-Compatible/dp/B07VZL3L5V,1,514,4.218,400
nokia 6,Nokia 6,Nokia,109.0,https://m.media-amazon.com/images/I/61291x3og8L._AC_UY218_ML3_.jpg,https://www.amazon.com/Nokia-Unlocked-Smartphone-T-Mobile-MetroPCS/dp/B071ZDQ6MV,1,499,3.603,400
samsung galaxy note8,Samsung Galaxy Note8,Samsung,866.36,https://m.media-amazon.com/images/I/71wjfOWQhsL._AC_UY218_ML3_.jpg,https://www.amazon.com/Samsung-Galaxy-Unlocked-Android-Megapixel/dp/B07536MYBQ,1,479,3.772,400
samsung galaxy j5,Samsung Galaxy J5,Samsung,148.98,https://m.media-amazon.com/images/I/61alJun3JvL._AC_UY218_ML3_.jpg,https://www.amazon.com/Samsung-SM-J500H-Unlocked-Smartphone-International/dp/B014GCG150,1,473,3.875,400
google pixel 2,Google Pixel 2,Google,156.995,https://m.media-amazon.com/images/I/7108ZFza5gL._AC_UY218_ML3_.jpg,https://www.amazon.com/Google-Pixel-64-Black-Refurbished/dp/B0787V183F,4,471,3.522,400
huawei p20 lite,HUAWEI P20 Lite,HUAWEI,229.99,https://m.media-amazon.com/images/I/819xBtcnz4L._AC_UY218_ML3_.jpg,https://www.amazon.com/Huawei-ANE-LX3-Factory-Unlocked-International/dp/B07CMBB6PH,1,469,4.113,400
nokia lumia 928,Nokia Lumia 928,Nokia,159.99,https://m.media-amazon.com/images/I/41zkjf9ksSL._AC_UY218_ML3_.jpg,https://www.amazon.com/Nokia-Lumia-928-Verizon-Wireless/dp/B00CQAODG4,3,452,3.869,400
motorola droid razr m,Motorola Droid RAZR M,Motorola,349.99,https://m.media-amazon.com/images/I/71-afm8RuLL._AC_UY218_ML3_.jpg,https://www.amazon.com/Motorola-Droid-RAZR-Verizon-Wireless/dp/B0096QYH80,1,446,3.437,400
nokia 7.1,Nokia 7.1,Nokia,209.0,https://m.media-amazon.com/images/I/61uRnzVNj9L._AC_UY218_ML3_.jpg,https://www.amazon.com/Nokia-7-1-Unlocked-Smartphone-T-Mobile/dp/B07HD3QC65,1,437,3.174,400
samsung galaxy s10 plus,Samsung Galaxy S10 Plus,Samsung,594.98,https://m.media-amazon.com/images/I/61YVqHdFRxL._AC_UY218_ML3_.jpg,https://www.amazon.com/Samsung-SM-G973F-DS-Smartphone-International/dp/B07NZXXZB2,13,420,4.145,400
nokia 3310,Nokia 3310,Nokia,54.99,https://m.media-amazon.com/images/I/71iQ4QgMchL._AC_UY218_ML3_.jpg,https://www.amazon.com/Nokia-3310-3G-Unlocked-T-Mobile/dp/B075FL4H89,1,419,3.243,400
apple iphone 7 plus,Apple iPhone 7 Plus,Apple,299.99,https://m.media-amazon.com/images/I/71c5RZEpLwL._AC_UY218_ML3_.jpg,https://www.amazon.com/Apple-iPhone-Unlocked-Quad-Core-Smartphone/dp/B06XS3CTJM,9,415,3.627,400
sony xperia xa ultra,Sony Xperia XA Ultra,Sony,119.99,https://m.media-amazon.com/images/I/81A-Ww8FqNL._AC_UY218_ML3_.jpg,https://www.amazon.com/Sony-Xperia-unlocked-smartphone-Warranty/dp/B01FJT7E3M,1,395,3.509,395
samsung galaxy s8,Samsung Galaxy S8,Samsung,356.77,https://m.media-amazon.com/images/I/71pjGN8WsoL._AC_UY218_ML3_.jpg,https://www.amazon.com/Samsung-Galaxy-64GB-Phone-Smartphone/dp/B076M9RQJ2,16,387,3.548,387
google pixel xl g2pw210032gbbk,Google Pixel XL G2PW210032GBBK,Google,201.48,https://m.media-amazon.com/images/I/71PZz7CQ9UL._AC_UY218_ML3_.jpg,https://www.amazon.com/Google-G2PW210032GBBK-Unlocked-Smartphone-5-5-Inch/dp/B01M0PADR4,1,385,3.187,385
samsung galaxy a70 6.7,Samsung Galaxy A70 6.7,Samsung,332.49,https://m.media-amazon.com/images/I/41cIrncoPlL._AC_UY218_ML3_.jpg,https://www.amazon.com/Samsung-A70-Infinity-U-Smartphone-International/dp/B07RWFC6NY,2,381,4.257,381
xiaomi mi a2,Xiaomi Mi A2,Xiaomi,159.49,https://m.media-amazon.com/images/I/61w4AKhyLzL._AC_UY218_ML3_.jpg,https://www.amazon.com/Xiaomi-64GB-4GB-5-99-International/dp/B07FM9913M,1,380,4.105,380
motorola moto g7 power,Motorola Moto G7 Power,Motorola,165.0,https://m.media-amazon.com/images/I/71nplhIIYjL._AC_UY218_ML3_.jpg,https://www.amazon.com/Motorola-Unlocked-Smartphone-International-Model/dp/B07NPRQYP1,1,376,3.867,376
xiaomi redmi note 6,Xiaomi Redmi Note 6,Xiaomi,179.5,https://m.media-amazon.com/images/I/517Q3-wHBkL._AC_UY218_ML3_.jpg,https://www.amazon.com/Xiaomi-Factory-Unlocked-Smartphone-Version/dp/B07HK4JNV1,1,367,4.221,367
samsung galaxy s9 plus,Samsung Galaxy S9 Plus,Samsung,374.95,https://m.media-amazon.com/images/I/71SWW5LsZ0L._AC_UY218_ML3_.jpg,https://www.amazon.com/Samsung-Unlocked-Midnight-Certified-Refurbished/dp/B07BFCZYRM,8,355,3.989,355
motorola moto g7,Motorola Moto G7,Motorola,179.99,https://m.media-amazon.com/images/I/81Vobb06FVL._AC_UY218_ML3_.jpg,https://www.amazon.com/Moto-G7-Unlocked-Warranty-T-Mobile/dp/B07N91S9MW,2,344,3.91,344
samsung galaxy j7,Samsung Galaxy J7,Samsung,179.99,https://m.media-amazon.com/images/I/5103hv5OP0L._AC_UY218_ML3_.jpg,https://www.amazon.com/Samsung-Galaxy-J7-Contract-Smartphone/dp/B06XS2GWFC,1,343,3.335,343
huawei mate 20 lite,HUAWEI Mate 20 Lite,HUAWEI,229.98,https://m.media-amazon.com/images/I/51eM8j7wKzL._AC_UY218_ML3_.jpg,https://www.amazon.com/Huawei-SNE-LX3-Factory-Unlocked-International/dp/B07J4Z9647,1,336,4.342,336
nokia lumia 530,Nokia Lumia 530,Nokia,133.28,https://m.media-amazon.com/images/I/81ba7gOGt5L._AC_UY218_ML3_.jpg,https://www.amazon.com/Nokia-Lumia-530-White-Contract/dp/B00O15MWOM,1,330,3.333,330
motorola barrage,Motorola Barrage,Motorola,139.99,https://m.media-amazon.com/images/I/81k6Nq0KI1L._AC_UY218_ML3_.jpg,https://www.amazon.com/Motorola-Barrage-V860-Verizon-Wireless/dp/B002WTC1NG,1,315,3.917,315
samsung galaxy note 4,Samsung Galaxy Note 4,Samsung,204.985,https://m.media-amazon.com/images/I/A1S4AmmN0pL._AC_UY218_ML3_.jpg,https://www.amazon.com/Samsung-Galaxy-Note-Frosted-Sprint/dp/B00NKR9MJA,4,315,3.381,315
motorola e plus,Motorola E Plus,Motorola,244.45,https://m.media-amazon.com/images/I/71UTxbIjXaL._AC_UY218_ML3_.jpg,https://www.amazon.com/Motorola-XT1775-Moto-Unlocked-Smartphone/dp/B072ZWCKP5,1,314,4.159,314
samsung gusto 3,Samsung Gusto 3,Samsung,94.99,https://m.media-amazon.com/images/I/51ZL33qmCpL._AC_UY218_ML3_.jpg,https://www.amazon.com/Samsung-Gusto-Verizon-Wireless-Prepaid/dp/B00JYR6GGM,3,313,3.259,313
nokia 2,Nokia 2,Nokia,194.97,https://m.media-amazon.com/images/I/61-rum+PvIL._AC_UY218_ML3_.jpg,https://www.amazon.com/Nokia-Unlocked-Smartphone-T-Mobile-MetroPCS/dp/B075FLG6MV,1,308,3.0,308
samsung gophone,Samsung GoPhone,Samsung,97.69,https://m.media-amazon.com/images/I/71Y+FpZYcFL._AC_UY218_ML3_.jpg,https://www.amazon.com/Samsung-a157-GoPhone-AT-T/dp/B007X6FFLS,2,305,3.787,305
samsung galaxy s6 active,Samsung Galaxy S6 Active,Samsung,585.28,https://m.media-amazon.com/images/I/81zlazvfjBL._AC_UY218_ML3_.jpg,https://www.amazon.com/Samsung-Galaxy-S6-Active-Grey/dp/B00ZE8HRYK,1,285,3.309,285
sony xperia xa2 ultra,Sony Xperia XA2 Ultra,Sony,399.99,https://m.media-amazon.com/images/I/719hX34RZhL._AC_UY218_ML3_.jpg,https://www.amazon.com/Sony-Xperia-Ultra-Factory-Unlocked/dp/B077ZKKDWK,1,281,3.819,281
sony xperia xa1 ultra,Sony Xperia XA1 Ultra,Sony,299.0,https://m.media-amazon.com/images/I/817MhreagcL._AC_UY218_ML3_.jpg,https://www.amazon.com/Sony-Xperia-Ultra-Factory-Unlocked/dp/B071JP8XDJ,1,280,3.589,280
samsung galaxy note 10,Samsung Galaxy Note 10,Samsung,799.99,https://m.media-amazon.com/images/I/61Y6BSxzezL._AC_UY218_ML3_.jpg,https://www.amazon.com/Samsung-Galaxy-Factory-Unlocked-Warranty/dp/B07V5KS95Y,5,256,3.781,256
samsung galaxy prevail ii,Samsung Galaxy Prevail II,Samsung,89.0,https://m.media-amazon.com/images/I/61NDR6WOqPL._AC_UY218_ML3_.jpg,https://www.amazon.com/Samsung-Prevail-II-Discontinued-Manufacturer/dp/B00D99ZBR6,1,256,3.457,256
samsung galaxy s10,Samsung Galaxy S10,Samsung,659.47,https://m.media-amazon.com/images/I/51x8eZ8JbKL._AC_UY218_ML3_.jpg,https://www.amazon.com/Samsung-Galaxy-Factory-Unlocked-Phone/dp/B07N4M412B,2,240,3.829,240
samsung galaxy a30,Samsung Galaxy A30,Samsung,222.495,https://m.media-amazon.com/images/I/71i9lcnWT1L._AC_UY218_ML3_.jpg,https://www.amazon.com/Samsung-A30-SM-A305G-Unlocked-International/dp/B07PV7LN4X,2,238,4.067,238
xiaomi redmi note 8,Xiaomi Redmi Note 8,Xiaomi,179.0,https://m.media-amazon.com/images/I/717jdCOqv6L._AC_UY218_ML3_.jpg,https://www.amazon.com/Xiaomi-Camera-Gaming-Processor-Unlocked/dp/B07Y8XK9GC,7,234,4.444,234
samsung galaxy s8 active,Samsung Galaxy S8 Active,Samsung,278.99,https://m.media-amazon.com/images/I/61wgvFSAJQL._AC_UY218_ML3_.jpg,https://www.amazon.com/Samsung-Galaxy-S8-Active-SM-G892A/dp/B078YXQ38Z,3,233,3.67,233
sony xperia xz,Sony Xperia XZ,Sony,259.99,https://m.media-amazon.com/images/I/71Totr78FmL._AC_UY218_ML3_.jpg,https://www.amazon.com/Sony-Xperia-XZ-Unlocked-Smartphone/dp/B01M1HY1E3,1,232,3.707,232
samsung galaxy a10 duos,Samsung Galaxy A10 Duos,Samsung,167.5,https://m.media-amazon.com/images/I/711v+hjDjxL._AC_UY218_ML3_.jpg,https://www.amazon.com/Samsung-Galaxy-A10-Unlocked-Camera/dp/B07Q6ZNJNT,1,229,4.087,229
samsung convoy 3 rugged,Samsung Convoy 3 Rugged,Samsung,169.98,https://m.media-amazon.com/images/I/71Q7aSSyOkL._AC_UY218_ML3_.jpg,https://www.amazon.com/Samsung-Convoy-SCH-U680-Verizon-Wireless/dp/B00WF988BW,1,229,3.69,229
samsung galaxy s9,Samsung Galaxy S9,Samsung,449.0,https://m.media-amazon.com/images/I/51TaayMzqtL._AC_UY218_ML3_.jpg,https://www.amazon.com/Samsung-SM-G960F-5-8-inches-Factory-Unlocked/dp/B079SQ5VHX,7,219,3.781,219
apple iphone 6s plus,Apple iPhone 6S Plus,Apple,244.985,https://m.media-amazon.com/images/I/61gnQwobQHL._AC_UY218_ML3_.jpg,https://www.amazon.com/Apple-iPhone-6s-Plus-16GB/dp/B01JAWWVXW,4,217,3.935,217
sony xperia xa1,Sony Xperia XA1,Sony,249.99,https://m.media-amazon.com/images/I/71wchmqQn+L._AC_UY218_ML3_.jpg,https://www.amazon.com/Sony-Xperia-XA1-Unlocked-Smartphone/dp/B06X9HVVC5,1,215,2.781,215
sony xperia xz forest,Sony Xperia XZ Forest,Sony,269.99,https://m.media-amazon.com/images/I/61XyeFgc3vL._AC_UY218_ML3_.jpg,https://www.amazon.com/Sony-F8332-Unlocked-International-Warranty/dp/B01LXF0WML,1,213,3.878,213
xiaomi mi a3,Xiaomi Mi A3,Xiaomi,175.5,https://m.media-amazon.com/images/I/41kBtX8-WBL._AC_UY218_ML3_.jpg,https://www.amazon.com/Xiaomi-Factory-Unlocked-Smartphone-International/dp/B07VB9MMMW,2,206,4.403,206
xiaomi mi a3 plus,Xiaomi Mi A3 Plus,Xiaomi,178.975,https://m.media-amazon.com/images/I/51Xm9ay971L._AC_UY218_ML3_.jpg,https://www.amazon.com/Xiaomi-64GB-Triple-Camera-Smartphone/dp/B07VD3JH2C,2,206,4.403,206
samsung galaxy s7 active,Samsung Galaxy S7 Active,Samsung,255.99,https://m.media-amazon.com/images/I/41gYAzWwF1L._AC_UY218_ML3_.jpg,https://www.amazon.com/Samsung-Galaxy-S7-Active-Smartphone/dp/B06XW9RMYW,3,206,3.481,206
xiaomi pocophone f1,Xiaomi Pocophone F1,Xiaomi,314.5,https://m.media-amazon.com/images/I/71q3UGwZhcL._AC_UY218_ML3_.jpg,https://www.amazon.com/Xiaomi-Pocophone-Graphite-Unlocked-Warranty/dp/B07H41NB46,1,201,4.254,201
samsung galaxy j3 prime,Samsung Galaxy J3 Prime,Samsung,128.79,https://m.media-amazon.com/images/I/41RWkB9NDEL._AC_UY218_ML3_.jpg,https://www.amazon.com/Samsung-J3-Factory-Unlocked-Phone/dp/B072KPG9PN,3,193,3.446,193
sony xperia x,Sony Xperia X,Sony,199.99,https://m.media-amazon.com/images/I/81ZwjKulg8L._AC_UY218_ML3_.jpg,https://www.amazon.com/Sony-Xperia-F5121-Camera-Phone/dp/B01FJT7N4W,1,181,3.785,181
samsung galaxy a50 us,Samsung Galaxy A50 US,Samsung,274.99,https://m.media-amazon.com/images/I/71kLFOLKN3L._AC_UY218_ML3_.jpg,https://www.amazon.com/Samsung-Version-Factory-Unlocked-SM-A505UZKNXAA/dp/B07VZL1W7K,1,181,3.834,181
xiaomi mi 8 lite,Xiaomi Mi 8 Lite,Xiaomi,194.99,https://m.media-amazon.com/images/I/61oKJ6RYCDL._AC_UY218_ML3_.jpg,https://www.amazon.com/Xiaomi-Display-Snapdragon-Cameras-Unlocked/dp/B07JMPGNHK,1,177,4.452,177
motorola pre paid,Motorola Pre Paid,Motorola,99.99,https://m.media-amazon.com/images/I/814kh7KdbtL._AC_UY218_ML3_.jpg,https://www.amazon.com/Telcel-America-Motorola-Pre-Paid-Phone/dp/B009LRMQTG,1,173,3.908,173
google pixel 3 xl,Google Pixel 3 XL,Google,319.97,https://m.media-amazon.com/images/I/41CU2Axt3fL._AC_UY218_ML3_.jpg,https://www.amazon.com/Pixel-Phone-XL-Certified-Refurbished/dp/B07HKPMFZ5,1,169,3.828,169
google pixel 4,Google Pixel 4,Google,668.8,https://m.media-amazon.com/images/I/61C9GrXEp4L._AC_UY218_ML3_.jpg,https://www.amazon.com/Google-Pixel-Just-Black-Unlocked/dp/B07YMNLXL3,1,166,3.687,166
motorola x4,Motorola X4,Motorola,261.84,https://m.media-amazon.com/images/I/7159JihtggL._AC_UY218_ML3_.jpg,https://www.amazon.com/Motorola-Moto-Factory-Unlocked-Phone/dp/B074VFRKZG,1,165,4.018,165
samsung galaxy s10e plus,Samsung Galaxy S10e Plus,Samsung,475.45,https://m.media-amazon.com/images/I/51BateZ5iqL._AC_UY218_ML3_.jpg,https://www.amazon.com/Samsung-S10e-Unlocked-Smartphone-International/dp/B07NZVM3RN,5,164,4.256,164
apple iphone 8,Apple iPhone 8,Apple,311.97,https://m.media-amazon.com/images/I/810MbmOEoqL._AC_UY218_ML3_.jpg,https://www.amazon.com/Apple-iPhone-GSM-Unlocked-256GB/dp/B07753NSQZ,7,163,3.712,163
motorola g6 plus,Motorola G6 Plus,Motorola,174.94,https://m.media-amazon.com/images/I/511i4Qx+e2L._AC_UY218_ML3_.jpg,https://www.amazon.com/Motorola-Moto-Plus-Smartphone-International/dp/B07CHWMYHP,1,162,3.981,162
sony xperia xz premium,Sony Xperia XZ Premium,Sony,495.0,https://m.media-amazon.com/images/I/81nfrNby6HL._AC_UY218_ML3_.jpg,https://www.amazon.com/Sony-Xperia-XZ-Premium-Smartphone/dp/B06Y2GX8K8,1,160,4.006,160
apple iphone xs max,Apple iPhone Xs Max,Apple,651.58,https://m.media-amazon.com/images/I/71XeQzRDyML._AC_UY218_ML3_.jpg,https://www.amazon.com/Apple-iPhone-Max-Fully-Unlocked/dp/B07KFNRQ5S,3,157,3.752,157
samsung galaxy j2 2018,Samsung Galaxy J2 2018,Samsung,92.28999999999999,https://m.media-amazon.com/images/I/51zGEG7p0FL._AC_UY218_ML3_.jpg,https://www.amazon.com/Samsung-Factory-Unlocked-Caribbean-SM-J260M/dp/B07H8Q3C9T,2,156,3.744,156
nokia lumia icon,Nokia Lumia Icon,Nokia,233.71,https://m.media-amazon.com/images/I/51W3p2zTv9L._AC_UY218_ML3_.jpg,https://www.amazon.com/Nokia-Lumia-Icon-Verizon-Wireless/dp/B00HWEMZ1E,1,152,4.257,152
motorola one,Motorola One,Motorola,171.35500000000002,https://m.media-amazon.com/images/I/51Hy0ypovHL._AC_UY218_ML3_.jpg,https://www.amazon.com/Motorola-Moto-One-Smartphone-International/dp/B07MF3JM4T,2,147,3.816,147
samsung galaxy s4 sgh,Samsung Galaxy S4 SGH,Samsung,154.97,https://m.media-amazon.com/images/I/81suaO+v0mL._AC_UY218_ML3_.jpg,https://www.amazon.com/Samsung-Galaxy-SGH-I337-Unlocked-Cellphone/dp/B00O2ALRNS,1,147,2.925,147
asus zenfone max plus,ASUS ZenFone Max Plus,ASUS,229.0,https://m.media-amazon.com/images/I/71QHUuh-ctL._AC_UY218_ML3_.jpg,https://www.amazon.com/ASUS-ZenFone-Plus-ZB570TL-MT67-3G32G-BL-1920x1080-3GB/dp/B079142R7Y,1,145,3.428,145
xiaomi redmi 7 plus,Xiaomi Redmi 7 Plus,Xiaomi,152.49,https://m.media-amazon.com/images/I/71FVXlimMTL._AC_UY218_ML3_.jpg,https://www.amazon.com/Xiaomi-Factory-Unlocked-Smartphone-Warranty/dp/B07QCCW5KB,3,145,4.448,145
samsung net 10 unlimited,Samsung Net 10 Unlimited,Samsung,79.99,https://m.media-amazon.com/images/I/51p8LMQ-rIL._AC_UY218_ML3_.jpg,https://www.amazon.com/Samsung-R355C-Net-10-Unlimited/dp/B004GLQTG8,1,140,4.064,140
google pixel 2 google,Google Pixel 2 Google,Google,338.99,https://m.media-amazon.com/images/I/715rN0Y8PqL._AC_UY218_ML3_.jpg,https://www.amazon.com/Google-Pixel-Unlocked-Clearly-warranty/dp/B0766NJPBN,1,139,3.54,139
motorola z play,Motorola Z PLAY,Motorola,169.0,https://m.media-amazon.com/images/I/41YWHpWk7+L._AC_UY218_ML3_.jpg,https://www.amazon.com/Motorola-XT1635-Factory-Unlocked-Phone/dp/B01MDMJGYT,1,133,3.955,133
samsung galaxy j3 2018,Samsung Galaxy J3 2018,Samsung,106.995,https://m.media-amazon.com/images/I/41Q3zLdBrUL._AC_UY218_ML3_.jpg,https://www.amazon.com/Samsung-Galaxy-2018-16GB-J337A/dp/B07L543G3M,2,130,3.846,130
samsung galaxy j3,Samsung Galaxy J3,Samsung,139.97,https://m.media-amazon.com/images/I/71xoQNtbF1L._AC_UY218_ML3_.jpg,https://www.amazon.com/Samsung-Galaxy-Verizon-Prepaid-Black/dp/B01F5FYXNO,4,129,3.519,129
apple iphone 8 plus,Apple iPhone 8 Plus,Apple,374.26,https://m.media-amazon.com/images/I/810MbmOEoqL._AC_UY218_ML3_.jpg,https://www.amazon.com/Apple-iPhone-Unlocked-Gray-Refurbished/dp/B07755LZ67,2,128,3.797,128
nokia lumia 925,Nokia Lumia 925,Nokia,54.99,https://m.media-amazon.com/images/I/81MoEhAZS2L._AC_UY218_ML3_.jpg,https://www.amazon.com/Nokia-RM-893-Windows-Smartphone-Unlocked/dp/B00CS2ZWKQ,2,126,3.437,126
samsung galaxy s10e,Samsung Galaxy S10e,Samsung,429.99,https://m.media-amazon.com/images/I/61+mDJSfYuL._AC_UY218_ML3_.jpg,https://www.amazon.com/Samsung-Factory-Unlocked-Warranty-Renewed/dp/B07PB3WV54,3,125,3.848,125
nokia 3.1,Nokia 3.1,Nokia,129.99,https://m.media-amazon.com/images/I/51AzNrwxkUL._AC_UY218_ML3_.jpg,https://www.amazon.com/Nokia-3-1-Unlocked-Smartphone-T-Mobile/dp/B07DDD8PNQ,3,124,3.653,124
xiaomi mi a2 lite,Xiaomi Mi A2 Lite,Xiaomi,154.49,https://m.media-amazon.com/images/I/61lfpjOekDL._AC_UY218_ML3_.jpg,https://www.amazon.com/Xiaomi-Lite-64GB-5-84-International/dp/B07G8VPHG3,1,123,4.341,123
apple iphone xs,Apple iPhone XS,Apple,574.38,https://m.media-amazon.com/images/I/41+2tWGDs3L._AC_UY218_ML3_.jpg,https://www.amazon.com/Apple-iPhone-Fully-Unlocked-Renewed/dp/B07KKL5KGG,2,122,3.754,122
huawei mate 20 pro,HUAWEI Mate 20 Pro,HUAWEI,489.99,https://m.media-amazon.com/images/I/61QcWsvnpQL._AC_UY218_ML3_.jpg,https://www.amazon.com/Huawei-Mate-LYA-L29-128GB-International/dp/B07K1M36CM,3,119,4.454,119
samsung galaxy j1 mini,Samsung Galaxy J1 Mini,Samsung,104.9,https://m.media-amazon.com/images/I/61Mc+wla27L._AC_UY218_ML3_.jpg,https://www.amazon.com/Samsung-Galaxy-J106H-Unlocked-Phone/dp/B01EIVMETG,1,118,2.847,118
rog gaming zs600kl s845,ROG Gaming ZS600KL S845,,549.0,https://m.media-amazon.com/images/I/81qwFH3PTCL._AC_UY218_ML3_.jpg,https://www.amazon.com/ROG-Phone-Gaming-Smartphone-ZS600KL-S845-8G512G/dp/B07JHXX5YR,1,117,3.692,117
motorola g6 play,Motorola G6 Play,Motorola,154.97,https://m.media-amazon.com/images/I/51ucn49vPUL._AC_UY218_ML3_.jpg,https://www.amazon.com/Motorola-XT1922-5-Unlocked-Smartphone-International/dp/B07CHWTWYP,3,112,3.607,112
oneplus 6t mirror,OnePlus 6T Mirror,OnePlus,331.45,https://m.media-amazon.com/images/I/61TKhxwPTWL._AC_UY218_ML3_.jpg,https://www.amazon.com/OnePlus-A6013-128GB-Mirror-Black/dp/B07V3TL48P,2,109,4.183,109
nokia 105,Nokia 105,Nokia,34.99,https://m.media-amazon.com/images/I/41QNnygel4L._AC_UY218_ML3_.jpg,https://www.amazon.com/Nokia-TA-1037-Dual-Band-Unlocked-warranty/dp/B07579T83L,1,109,2.578,109
motorola g4 play,Motorola G4 Play,Motorola,129.0,https://m.media-amazon.com/images/I/61ktS3pR0TL._AC_UY218_ML3_.jpg,https://www.amazon.com/Motorola-Generation-Unlocked-International-Warranty/dp/B07W14HFQP,1,109,3.119,109
samsung convoy 4 rugged,Samsung Convoy 4 Rugged,Samsung,61.745000000000005,https://m.media-amazon.com/images/I/81YSPMYJkhL._AC_UY218_ML3_.jpg,https://www.amazon.com/Samsung-B690-convoy-4-verizon-wireless/dp/B01L9D7J00,2,106,3.057,106
nokia 105 rm 1135,Nokia 105 RM 1135,Nokia,46.83,https://m.media-amazon.com/images/I/51X4GhYfx4L._AC_UY218_ML3_.jpg,https://www.amazon.com/Nokia-RM-1135-Dual-Band-Factory-Unlocked/dp/B0172EEAQQ,1,106,2.679,106
sony xperia x performance,Sony Xperia X Performance,Sony,169.0,https://m.media-amazon.com/images/I/71rzaPrNXrL._AC_UY218_ML3_.jpg,https://www.amazon.com/Sony-Performance-unlocked-smartphone-Warranty/dp/B01FJT7MZC,1,105,4.067,105
motorola g7,Motorola G7,Motorola,153.495,https://m.media-amazon.com/images/I/51c3FZ-X6nL._AC_UY218_ML3_.jpg,https://www.amazon.com/Motorola-Unlocked-Smartphone-International-XT1962-4/dp/B07NP6R2RG,2,104,4.058,104
sony xperia l1,Sony Xperia L1,Sony,129.0,https://m.media-amazon.com/images/I/71cLpzYW9IL._AC_UY218_ML3_.jpg,https://www.amazon.com/Sony-G3313-Unlocked-Quad-Core-Android/dp/B06XGZHSBS,1,104,3.644,104
motorola g7 plus plus,Motorola G7 Plus Plus,Motorola,202.99,https://m.media-amazon.com/images/I/61Tiv-FndnL._AC_UY218_ML3_.jpg,https://www.amazon.com/Motorola-Unlocked-Smartphone-International-Model/dp/B07NP2Y82Q,1,102,4.069,102
xiaomi mi 9t pro,Xiaomi Mi 9T Pro,Xiaomi,379.0,https://m.media-amazon.com/images/I/61u2D0UFFxL._AC_UY218_ML3_.jpg,https://www.amazon.com/Xiaomi-Mi-9T-Pro-Snapdragon/dp/B07X5SHN81,3,100,4.35,100
apple mglw2ll a ipad,Apple MGLW2LL A iPad,Apple,211.39,https://m.media-amazon.com/images/I/61ufQeEma5L._AC_UY218_ML3_.jpg,https://www.amazon.com/Apple-MGLW2LL-9-7-Inch-Display-Refurbished/dp/B077J7H62P,1,94,4.106,94
xiaomi mi 9 plus,Xiaomi Mi 9 Plus,Xiaomi,360.95,https://m.media-amazon.com/images/I/51OANpTqi8L._AC_UY218_ML3_.jpg,https://www.amazon.com/Xiaomi-64GB-6GB-RAM-Resolution/dp/B07R4PP7FF,2,94,4.564,94
samsung galaxy a20,Samsung Galaxy A20,Samsung,195.0,https://m.media-amazon.com/images/I/41YVOuezwoL._AC_UY218_ML3_.jpg,https://www.amazon.com/Samsung-SM-A205GDS-Infinity-V-Unlocked-International/dp/B07TDC7BKR,3,94,3.957,94
samsung convoy ruggedized ptt,Samsung Convoy Ruggedized PTT,Samsung,199.99,https://m.media-amazon.com/images/I/61ve0RjDSUL._AC_UY218_ML3_.jpg,https://www.amazon.com/Samsung-SCH-U640-Ruggedized-megapixel-Verizon/dp/B004C7NVD0,1,92,3.902,92
asus zenfone 5z,ASUS ZenFone 5Z,ASUS,499.0,https://m.media-amazon.com/images/I/81gTI5HBVyL._AC_UY218_ML3_.jpg,https://www.amazon.com/ASUS-ZenFone-5Z-ZS620KL-S845-6G64G-2160x1080/dp/B07CLT3BDN,1,90,4.2,90
huawei p30 plus,HUAWEI P30 Plus,HUAWEI,513.99,https://m.media-amazon.com/images/I/61jJeZBliWL._AC_UY218_ML3_.jpg,https://www.amazon.com/ELE-L29-Factory-Unlocked-Smartphone-International/dp/B07Q2X19LG,1,90,4.622,90
google pixel 3 clearly,Google Pixel 3 Clearly,Google,303.9,https://m.media-amazon.com/images/I/61i6bsQHqbL._AC_UY218_ML3_.jpg,https://www.amazon.com/Pixel-Phone-3-64GB-Certified-Refurbished/dp/B07HKQJ6H1,1,85,3.871,85
motorola e5 play xt1920,Motorola E5 Play XT1920,Motorola,89.99,https://m.media-amazon.com/images/I/51VVNfdleQL._AC_UY218_ML3_.jpg,https://www.amazon.com/Motorola-Moto-Fingerprint-Sensor-XT1920-19/dp/B07H8SBLBC,1,84,3.464,84
sony xperia 10 plus,Sony Xperia 10 Plus,Sony,327.99,https://m.media-amazon.com/images/I/71OEcbgvnnL._AC_UY218_ML3_.jpg,https://www.amazon.com/Sony-Xperia-Plus-Unlocked-Smartphone/dp/B07MZ2TRTC,1,83,3.349,83
nokia lumia 822,Nokia Lumia 822,Nokia,204.16,https://m.media-amazon.com/images/I/81jxGoYUWTL._AC_UY218_ML3_.jpg,https://www.amazon.com/Nokia-Lumia-Windows-Phone-Black/dp/B00A7F57EM,2,82,3.793,82
samsung replenish,Samsung Replenish,Samsung,14.99,https://m.media-amazon.com/images/I/41Z0ow6IIZL._AC_UY218_ML3_.jpg,https://www.amazon.com/Samsung-Replenish-Prepaid-Android-Mobile/dp/B006VH79R8,1,82,3.549,82
samsung galaxy s6 wireless,Samsung Galaxy S6 Wireless,Samsung,121.46,https://m.media-amazon.com/images/I/41Z9ulF4QML._AC_UY218_ML3_.jpg,https://www.amazon.com/Samsung-Galaxy-Verizon-Wireless-Smartphone/dp/B014V5XDV2,1,78,3.077,78
samsung galaxy a50,Samsung Galaxy A50,Samsung,285.99,https://m.media-amazon.com/images/I/81eER5CvlUL._AC_UY218_ML3_.jpg,https://www.amazon.com/Samsung-SM-A505FDS-Infinity-U-Unlocked-International/dp/B07QPTGJP5,6,76,3.539,76
samsung galaxy on5,Samsung Galaxy ON5,Samsung,106.995,https://m.media-amazon.com/images/I/61k3JykoCbL._AC_UY218_ML3_.jpg,https://www.amazon.com/Samsung-G550T-Unlocked-Galaxy-Smartphone/dp/B06XS98LMS,2,76,2.789,76
sony xperia xz1,Sony Xperia XZ1,Sony,269.99,https://m.media-amazon.com/images/I/71yVGahtSCL._AC_UY218_ML3_.jpg,https://www.amazon.com/Sony-Xperia-Factory-Unlocked-Phone/dp/B074P62MW8,1,75,4.013,75
oneplus 6t storage plus,OnePlus 6T Storage Plus,OnePlus,599.99,https://m.media-amazon.com/images/I/61-FZzBlpsL._AC_UY218_ML3_.jpg,https://www.amazon.com/OnePlus-Storage-Factory-Unlocked-Display/dp/B07K76LBLZ,1,74,3.932,74
samsung smooth wireless cell,Samsung Smooth Wireless Cell,Samsung,99.99,https://m.media-amazon.com/images/I/61nD-TYqHmL._AC_UY218_ML3_.jpg,https://www.amazon.com/Samsung-Smooth-Verizon-Wireless-Prepaid/dp/B003FCO9XE,1,72,3.403,72
huawei ascend xt 2,HUAWEI Ascend XT 2,HUAWEI,99.99,https://m.media-amazon.com/images/I/41g713JM1cL._AC_UY218_ML3_.jpg,https://www.amazon.com/Huawei-Unlocked-H1711-Android-Desbloqueado/dp/B079PS2HZM,1,72,4.083,72
motorola droid turbo ballistic,Motorola DROID Turbo Ballistic,Motorola,59.99,https://m.media-amazon.com/images/I/81LFe3oGEoL._AC_UY218_ML3_.jpg,https://www.amazon.com/Motorola-XT1254-Verizon-Ballistic-Renewed/dp/B01K5R3GXK,1,71,3.099,71
samsung galaxy s9 5.8,Samsung Galaxy S9 5.8,Samsung,506.53999999999996,https://m.media-amazon.com/images/I/71uI+nAzruL._AC_UY218_ML3_.jpg,https://www.amazon.com/Samsung-Galaxy-SM-G9600-Factory-Unlocked/dp/B07BHT4KGM,2,71,3.648,71
sony xperia xz2 premium,Sony Xperia XZ2 Premium,Sony,629.99,https://m.media-amazon.com/images/I/61G48YhuWmL._AC_UY218_ML3_.jpg,https://www.amazon.com/Sony-Xperia-Premium-Unlocked-Smartphone/dp/B07DF9R73K,1,71,4.155,71
motorola g7 power plus,Motorola G7 Power Plus,Motorola,175.0,https://m.media-amazon.com/images/I/41KbWOVZW0L._AC_UY218_ML3_.jpg,https://www.amazon.com/Motorola-XT1955-2-Unlocked-Smartphone-International/dp/B07QP7WZ1T,1,70,4.314,70
motorola z3 play moto,Motorola Z3 Play Moto,Motorola,229.99,https://m.media-amazon.com/images/I/61N-Axwzz1L._AC_UY218_ML3_.jpg,https://www.amazon.com/Moto-Z3-Play-Power-Pack/dp/B07C2VFMN2,1,70,3.871,70
nokia 5,Nokia 5,Nokia,89.0,https://m.media-amazon.com/images/I/51OGbwPc-DL._AC_UY218_ML3_.jpg,https://www.amazon.com/Nokia-Unlocked-Smartphone-T-Mobile-Metropcs/dp/B079NM9SZL,3,69,3.478,69
sony xperia l2,Sony Xperia L2,Sony,249.99,https://m.media-amazon.com/images/I/71w5nP+TCOL._AC_UY218_ML3_.jpg,https://www.amazon.com/Sony-Xperia-Factory-Unlocked-Phone/dp/B077ZMWX1W,1,68,3.882,68
motorola e,Motorola E,Motorola,89.99,https://m.media-amazon.com/images/I/51y0QQ7Z4KL._AC_UY218_ML3_.jpg,https://www.amazon.com/Motorola-Moto-LTE-Contract-Cellular/dp/B00XQVDW6Y,2,67,3.94,67
samsung rugby ii,Samsung Rugby II,Samsung,179.0,https://m.media-amazon.com/images/I/81RAS6NJR5L._AC_UY218_ML3_.jpg,https://www.amazon.com/Samsung-Rugby-II-Black-AT/dp/B003P2VNAQ,1,66,2.985,66
google pixel 3,Google Pixel 3,Google,369.995,https://m.media-amazon.com/images/I/61jEXWFEGOL._AC_UY218_ML3_.jpg,https://www.amazon.com/Google-Pixel-Factory-Unlocked-Black/dp/B07JVDQP47,4,64,3.422,64
huawei y9 2019 jkm,HUAWEI Y9 2019 JKM,HUAWEI,186.9,https://m.media-amazon.com/images/I/61w9fBefa8L._AC_UY218_ML3_.jpg,https://www.amazon.com/JKM-LX3-HiSilicon-Fingerprint-Glonass-Warranty/dp/B07JNKYBZ4,1,62,4.403,62
apple iphone se,Apple iPhone SE,Apple,142.67000000000002,https://m.media-amazon.com/images/I/71giJu0m0JL._AC_UY218_ML3_.jpg,https://www.amazon.com/Apple-iPhone-GSM-Unlocked-32GB/dp/B07643YNY8,2,58,3.414,58
sony xperia 1 and,Sony Xperia 1 and,Sony,948.0,https://m.media-amazon.com/images/I/51zZTAXZTPL._AC_UY218_ML3_.jpg,https://www.amazon.com/Sony-Smartphone-WH1000XM3-Cancelling-Heaphones/dp/B081H6STQQ,1,58,4.345,58
sony xperia 1 6.5,Sony Xperia 1 6.5,Sony,748.0,https://m.media-amazon.com/images/I/71oXhyGDd+L._AC_UY218_ML3_.jpg,https://www.amazon.com/Sony-Unlocked-Smartphone-CinemaWide-Display/dp/B07PHQ7FBP,1,58,4.345,58
motorola droid turbo 2,Motorola Droid Turbo 2,Motorola,239.99,https://m.media-amazon.com/images/I/51-mD4FoY3L._AC_UY218_ML3_.jpg,https://www.amazon.com/Motorola-Droid-Turbo-XT1585-Color/dp/B019VHBB32,1,57,3.474,57
microsoft lumia 950 nam,Microsoft Lumia 950 NAM,,242.99,https://m.media-amazon.com/images/I/41y0iPJH27L._AC_UY218_ML3_.jpg,https://www.amazon.com/Microsoft-Lumia-RM-1118-Factory-Unlocked/dp/B01EWKHIAI,1,57,3.982,57
nokia 9 pureview,Nokia 9 PureView,Nokia,499.99,https://m.media-amazon.com/images/I/51ls1kpJJsL._AC_UY218_ML3_.jpg,https://www.amazon.com/Nokia-PureView-Unlocked-Smartphone-T-Mobile/dp/B07N11SM58,1,56,3.768,56
xiaomi mi 9 se,Xiaomi Mi 9 SE,Xiaomi,264.99,https://m.media-amazon.com/images/I/41UrCG1gkRL._AC_UY218_ML3_.jpg,https://www.amazon.com/Xiaomi-Unlocked-International-Version-Warranty/dp/B07QB8QYYZ,1,55,4.309,55
motorola g7 play plus,Motorola G7 Play Plus,Motorola,131.45,https://m.media-amazon.com/images/I/51Qyh9JAYoL._AC_UY218_ML3_.jpg,https://www.amazon.com/Motorola-Factory-Unlocked-International-Warranty/dp/B07MN8QTK1,2,55,3.982,55
samsung galaxy prime j3,Samsung Galaxy Prime J3,Samsung,93.99,https://m.media-amazon.com/images/I/61nN0-7YPvL._AC_UY218_ML3_.jpg,https://www.amazon.com/Samsung-Galaxy-T-Mobile-Unlocked-Smartphone/dp/B07GW1DXFP,1,53,3.472,53
motorola g5s plus dual,Motorola G5S Plus Dual,Motorola,175.0,https://m.media-amazon.com/images/I/71uHmL4wC3L._AC_UY218_ML3_.jpg,https://www.amazon.com/Motorola-XT1805-Factory-Unlocked-International/dp/B078RBVVCV,1,53,3.0,53
motorola moto z4,Motorola Moto Z4,Motorola,399.99,https://m.media-amazon.com/images/I/81POiya5gbL._AC_UY218_ML3_.jpg,https://www.amazon.com/Moto-Z4-Unlocked-Warranty-PAF60007US/dp/B07RB78W37,2,52,3.577,52
samsung galaxy s8 pre,Samsung Galaxy S8 Pre,Samsung,333.48,https://m.media-amazon.com/images/I/810Pw0xxs1L._AC_UY218_ML3_.jpg,https://www.amazon.com/Samsung-Certified-Pre-Owned-Factory-Unlocked/dp/B07JZRL7N5,1,52,4.077,52
oneplus 6 mirror,OnePlus 6 Mirror,OnePlus,479.0,https://m.media-amazon.com/images/I/61x5tBufniL._AC_UY218_ML3_.jpg,https://www.amazon.com/OnePlus-A6000-64GB-Mirror-Black/dp/B07DCB61LG,1,50,4.46,50
xiaomi mi 9t,Xiaomi Mi 9T,Xiaomi,298.98,https://m.media-amazon.com/images/I/61QTazZbBRL._AC_UY218_ML3_.jpg,https://www.amazon.com/Xiaomi-AMOLED-Display-Factory-Unlocked/dp/B07T7MM64L,1,48,4.354,48
motorola droid maxx 2,Motorola Droid MAXX 2,Motorola,129.99,https://m.media-amazon.com/images/I/51bEczre2NL._AC_UY218_ML3_.jpg,https://www.amazon.com/Motorola-Droid-MAXX-XT1565-16GB/dp/B01N064CH1,2,47,3.106,47
xiaomi redmi 6,Xiaomi Redmi 6,Xiaomi,139.48,https://m.media-amazon.com/images/I/51T1yEB85oL._AC_UY218_ML3_.jpg,https://www.amazon.com/Xiaomi-Redmi-Unlocked-Smartphone-International/dp/B07H7SBBWQ,1,46,3.913,46
motorola g5s plus,Motorola G5S Plus,Motorola,129.99,https://m.media-amazon.com/images/I/41fmra6BrcL._AC_UY218_ML3_.jpg,https://www.amazon.com/Motorola-Unlocked-Android-Smartphone-Blush/dp/B07HFKWDK7,1,46,3.13,46
samsung smooth great condition,Samsung Smooth Great Condition,Samsung,64.99,https://m.media-amazon.com/images/I/61nD-TYqHmL._AC_UY218_ML3_.jpg,https://www.amazon.com/Verizon-PagePlus-Samsung-U350-Condition/dp/B0033SFV5A,1,46,3.239,46
samsung galaxy a70,Samsung Galaxy A70,Samsung,359.75,https://m.media-amazon.com/images/I/61mZ9W2DF9L._AC_UY218_ML3_.jpg,https://www.amazon.com/Samsung-A70-Fingerprint-Super-Fast-International/dp/B07VPXDV59,2,45,4.711,45
xiaomi mi 8,Xiaomi Mi 8,Xiaomi,268.99,https://m.media-amazon.com/images/I/61ITfSJQDAL._AC_UY218_ML3_.jpg,https://www.amazon.com/Xiaomi-6-64GB-Unlocked-Global-Version/dp/B07GPNGWNK,1,45,4.378,45
samsung galaxy a10s,Samsung Galaxy A10s,Samsung,135.99,https://m.media-amazon.com/images/I/51wPu6Z989L._AC_UY218_ML3_.jpg,https://www.amazon.com/Samsung-Infinity-V-Display-Camera-Unlocked/dp/B07XQJ33PL,1,43,3.977,43
samsung galaxy a10 6.2,Samsung Galaxy A10 6.2,Samsung,149.98,https://m.media-amazon.com/images/I/615wcLMDicL._AC_UY218_ML3_.jpg,https://www.amazon.com/Samsung-Galaxy-DS-Unlocked-Smartphone/dp/B07SCJNSRT,1,42,3.714,42
samsung galaxy s8 5.8,Samsung Galaxy S8 5.8,Samsung,414.98,https://m.media-amazon.com/images/I/61sB9sjajWL._AC_UY218_ML3_.jpg,https://www.amazon.com/Samsung-Galaxy-64GB-Phone-display/dp/B06Y189H68,1,42,3.5,42
sony xperia xz2 smarphone,Sony Xperia XZ2 Smarphone,Sony,499.99,https://m.media-amazon.com/images/I/81fpWSGDNKL._AC_UY218_ML3_.jpg,https://www.amazon.com/Sony-Xperia-XZ2-Unlocked-Smarphone/dp/B07B82VTX5,1,41,4.049,41
motorola moto x4 one,Motorola Moto X4 One,Motorola,278.99,https://m.media-amazon.com/images/I/81znt6scdML._AC_UY218_ML3_.jpg,https://www.amazon.com/Moto-X4-Android-One-Unlocked/dp/B07NYBD9DW,1,40,4.1,40
samsung galaxy j7 2018,Samsung Galaxy J7 2018,Samsung,209.99,https://m.media-amazon.com/images/I/41v1cev1acL._AC_UY218_ML3_.jpg,https://www.amazon.com/Samsung-Galaxy-2018-16GB-J737A/dp/B07K2FZYKV,1,39,4.282,39
nokia 7.2,Nokia 7.2,Nokia,329.0,https://m.media-amazon.com/images/I/71JQpRDCyXL._AC_UY218_ML3_.jpg,https://www.amazon.com/Nokia-7-2-Unlocked-Smartphone-T-Mobile/dp/B07XVZXR5Y,1,38,3.684,38
motorola one vision,Motorola One Vision,Motorola,240.0,https://m.media-amazon.com/images/I/61mBlkYEC4L._AC_UY218_ML3_.jpg,https://www.amazon.com/Motorola-Display-Factory-Unlocked-XT1970-1/dp/B07SBJPYLW,1,37,4.027,37
motorola e4,Motorola E4,Motorola,69.93,https://m.media-amazon.com/images/I/41qP0hy4-kL._AC_UY218_ML3_.jpg,https://www.amazon.com/Verizon-Motorola-Carrier-Locked-Prepaid/dp/B071VTYHDQ,1,37,3.946,37
sony experia z3 plus,Sony Experia Z3 Plus,Sony,144.9,https://m.media-amazon.com/images/I/71iFTB59LEL._AC_UY218_ML3_.jpg,https://www.amazon.com/Sony-Xperia-Z3-5-2-Inch-Smartphone/dp/B010V43VFA,1,37,3.568,37
samsung j3,Samsung J3,Samsung,105.0,https://m.media-amazon.com/images/I/518oZGjDwAL._AC_UY218_ML3_.jpg,https://www.amazon.com/Samsung-SM-J320VLPP-J3-Verizon-Prepaid/dp/B01N1Q6V7K,1,36,3.639,36
samsung galaxy j7 refine,Samsung Galaxy J7 Refine,Samsung,220.0,https://m.media-amazon.com/images/I/412rM37uD9L._AC_UY218_ML3_.jpg,https://www.amazon.com/Samsung-Galaxy-J7-Refine-Prepaid/dp/B07G9PVX51,1,36,3.194,36
huawei router hotspot,HUAWEI Router Hotspot,HUAWEI,78.9,https://m.media-amazon.com/images/I/31F-nzxA29L._AC_UY218_ML3_.jpg,https://www.amazon.com/Hotspot-Unlocked-T-mobile-Caribbean-E5573s-508/dp/B07C8H8G4L,1,36,3.278,36
huawei glory,HUAWEI Glory,HUAWEI,27.9,https://m.media-amazon.com/images/I/81iP8QUNElL._AC_UY218_ML3_.jpg,https://www.amazon.com/Huawei-Glory-Android-Prepaid-Phone/dp/B00D35Z6OE,1,35,2.886,35
sony xperia xa1 plus,Sony Xperia XA1 Plus,Sony,217.495,https://m.media-amazon.com/images/I/71cFo5pTY+L._AC_UY218_ML3_.jpg,https://www.amazon.com/Sony-Xperia-XA1-Plus-Smartphone/dp/B075QRTVNC,3,35,3.8,35
huawei e8372h 608 150,HUAWEI E8372h 608 150,HUAWEI,72.445,https://m.media-amazon.com/images/I/31Liqarr44L._AC_UY218_ML3_.jpg,https://www.amazon.com/Huawei-E8372h-608-Unlocked-Wingle-Telenor/dp/B0711S4T9J,2,34,3.324,34
samsung galaxy note9 duos,Samsung Galaxy Note9 Duos,Samsung,619.97,https://m.media-amazon.com/images/I/61jNfgzhnQL._AC_UY218_ML3_.jpg,https://www.amazon.com/Samsung-SM-N9600-Midnight-sAMOLED-Unlocked/dp/B07GL6W1NR,1,33,4.121,33
samsung dex wireless qi,Samsung DeX Wireless Qi,Samsung,36.89,https://m.media-amazon.com/images/I/51f9Q6m32TL._AC_UY218_ML3_.jpg,https://www.amazon.com/Samsung-Wireless-Charging-Certified-Refurbished/dp/B0788F8DKC,1,32,4.0,32
samsung galaxy a20s,Samsung Galaxy A20s,Samsung,174.94,https://m.media-amazon.com/images/I/51y15-dg6fL._AC_UY218_ML3_.jpg,https://www.amazon.com/Samsung-Snapdragon-Factory-Unlocked-International/dp/B07ZDJCL76,1,31,4.484,31
huawei p smart,HUAWEI P Smart,HUAWEI,179.99,https://m.media-amazon.com/images/I/51+UNS7GlGL._AC_UY218_ML3_.jpg,https://www.amazon.com/Fullview-Dual-SIM-Fingerprint-FIG-L23-International/dp/B079HG7TZS,1,30,4.433,30
huawei p30 pro,HUAWEI P30 Pro,HUAWEI,686.99,https://m.media-amazon.com/images/I/51zDfRUUhHL._AC_UY218_ML3_.jpg,https://www.amazon.com/HUAWEI-Factory-Unlocked-International-Version/dp/B07Q2WPMNB,1,29,4.31,29
xiaomi mi 9 lite,Xiaomi Mi 9 Lite,Xiaomi,269.21000000000004,https://m.media-amazon.com/images/I/51fNEK+JS9L._AC_UY218_ML3_.jpg,https://www.amazon.com/Xiaomi-AMOLED-Factory-Unlocked-Smartphone/dp/B07Y4YJ98Z,4,29,4.655,29
samsung galaxy mega 6.3,Samsung Galaxy Mega 6.3,Samsung,290.0,https://m.media-amazon.com/images/I/51b2GW++SDL._AC_UY218_ML3_.jpg,https://www.amazon.com/Samsung-Galaxy-Unlocked-Smartphone-Camera/dp/B014VLTTC8,1,29,3.345,29
motorola droid maxx and,Motorola Droid MAXX and,Motorola,134.99,https://m.media-amazon.com/images/I/51aNqeygQ6L._AC_UY218_ML3_.jpg,https://www.amazon.com/Motorola-XT1080M-Unlocked-Certified-Refurbished/dp/B01HFLRS38,2,28,3.393,28
motorola e4 plus locked,Motorola E4 Plus Locked,Motorola,129.99,https://m.media-amazon.com/images/I/51fbn3oN4JL._AC_UY218_ML3_.jpg,https://www.amazon.com/Verizon-Motorola-Carrier-Locked-Prepaid/dp/B0714DBSNH,1,26,3.808,26
motorola droid ultra,Motorola Droid Ultra,Motorola,249.99,https://m.media-amazon.com/images/I/81p5bS9i6dL._AC_UY218_ML3_.jpg,https://www.amazon.com/Motorola-XT1080-Android-Smartphone-Camera/dp/B00HE5834Y,1,26,3.731,26
motorola e5,Motorola E5,Motorola,89.99,https://m.media-amazon.com/images/I/610cmALdwbL._AC_UY218_ML3_.jpg,https://www.amazon.com/Motorola-Moto-E5-Display-Battery/dp/B07WSXH2W2,1,26,4.346,26
google pixel 1st gen,Google Pixel 1st Gen,Google,169.99,https://m.media-amazon.com/images/I/71i8VZL9dnL._AC_UY218_ML3_.jpg,https://www.amazon.com/Google-Pixel-Unlocked-Smartphone-Carriers/dp/B072B7XSVT,1,25,3.12,25
samsung galaxy a70 dual,Samsung Galaxy A70 Dual,Samsung,351.87,https://m.media-amazon.com/images/I/614JyXnSGFL._AC_UY218_ML3_.jpg,https://www.amazon.com/Samsung-SM-A705F-Dual-SIM-6-7-Inch-Smartphone/dp/B07QP9R469,1,25,3.32,25
huawei y9 prime 2019,HUAWEI Y9 Prime 2019,HUAWEI,229.0,https://m.media-amazon.com/images/I/51I12mfTuAL._AC_UY218_ML3_.jpg,https://www.amazon.com/Display-Cameras-4000mAh-Battery-Unlocked/dp/B07VYP6VLS,1,24,4.458,24
huawei y5 2018 dra,HUAWEI Y5 2018 DRA,HUAWEI,89.96,https://m.media-amazon.com/images/I/61heZpXti6L._AC_UY218_ML3_.jpg,https://www.amazon.com/Huawei-FullView-Smartphone-Unlocked-International/dp/B07F2PWRZR,1,23,3.391,23
oneplus 6t,OnePlus 6T,OnePlus,339.95,https://m.media-amazon.com/images/I/61aFHNJdl9L._AC_UY218_ML3_.jpg,https://www.amazon.com/OnePlus-A6013-128GB-Mirror-Black/dp/B07XVNDQMR,1,23,4.304,23
motorola cingular gophone,Motorola CINGULAR GOPHONE,Motorola,99.99,https://m.media-amazon.com/images/I/71b+q3ydkIS._AC_UY218_ML3_.jpg,https://www.amazon.com/MOTOROLA-C168i-CINGULAR-PREPAID-GOPHONE/dp/B000SKTZ0S,1,22,3.682,22
samsung galaxy j7 branded,Samsung Galaxy J7 Branded,Samsung,110.0,https://m.media-amazon.com/images/I/517cXvVDGsL._AC_UY218_ML3_.jpg,https://www.amazon.com/Samsung-Carrier-Branded-Unlocked-Renewed/dp/B07KJM21TB,1,22,3.0,22
oneplus 7 pro 6.67,OnePlus 7 Pro 6.67,OnePlus,645.0,https://m.media-amazon.com/images/I/51-QMzEE0HL._AC_UY218_ML3_.jpg,https://www.amazon.com/OnePlus-Factory-Unlocked-AMOLED-Display/dp/B07S4755CM,1,21,4.571,21
nokia 3310 ta 1036,Nokia 3310 TA 1036,Nokia,59.445,https://m.media-amazon.com/images/I/81Llml-HrSL._AC_UY218_ML3_.jpg,https://www.amazon.com/Nokia-TA-1036-Unlocked-Tmobile-Caribbean/dp/B076BZ18GS,3,21,3.857,21
samsung galaxy m20,Samsung Galaxy M20,Samsung,195.0,https://m.media-amazon.com/images/I/418T9z1d6zL._AC_UY218_ML3_.jpg,https://www.amazon.com/Samsung-Galaxy-M20-Unlocked-Camera/dp/B07QFS3L4G,1,21,3.857,21
motorola moto z3 play,Motorola Moto Z3 Play,Motorola,182.225,https://m.media-amazon.com/images/I/718hgMPQxML._AC_UY218_ML3_.jpg,https://www.amazon.com/Moto-Z3-Play-Unlocked-Warranty/dp/B07PR1Z2BF,2,20,2.9,20
motorola g,Motorola G,Motorola,154.375,https://m.media-amazon.com/images/I/61OLIW5q0eL._AC_UY218_ML3_.jpg,https://www.amazon.com/Motorola-2nd-generation-Unlocked-Cellphone/dp/B00MWI4HW0,2,20,4.15,20
huawei y6 2018 atu,HUAWEI Y6 2018 ATU,HUAWEI,169.99,https://m.media-amazon.com/images/I/61kTETZIpTL._AC_UY218_ML3_.jpg,https://www.amazon.com/Huawei-FullView-Dual-LED-Fingerprint-Unlocked/dp/B07BZXDZKN,1,20,3.25,20
nokia 4.2,Nokia 4.2,Nokia,159.0,https://m.media-amazon.com/images/I/611ccr6BovL._AC_UY218_ML3_.jpg,https://www.amazon.com/Nokia-4-2-Unlocked-Smartphone-T-Mobile/dp/B07QTLB1D9,1,20,3.6,20
